domain,file,hash
016c5d9dd9a8.ico,logos_downloaded\016c5d9dd9a8.ico,fa81856eaa1d59a3
01b19da6a6fe.png,logos_downloaded\01b19da6a6fe.png,b132cecf6cc93232
02d0a9330018.png,logos_downloaded\02d0a9330018.png,ee3c91c30e3c3996
032fb3a396de.jpg,logos_downloaded\032fb3a396de.jpg,b9c3c63c39c3863c
03eaaf89b74e.png,logos_downloaded\03eaaf89b74e.png,81b16e4c2b3bf4e4
054a87d72512.png,logos_downloaded\054a87d72512.png,b8ab435476a19dd8
05bc778a29d1.jpg,logos_downloaded\05bc778a29d1.jpg,be8ce1d99463869c
05d9da0d641d.ico,logos_downloaded\05d9da0d641d.ico,ba90e35be02ba59c
06e26abcd292.png,logos_downloaded\06e26abcd292.png,90b717595ae6654c
071bfb5f43a0.png,logos_downloaded\071bfb5f43a0.png,8fe0f01f038f1fe0
07cb954d76d7.jpg,logos_downloaded\07cb954d76d7.jpg,b9c3c63c39c3863c
08782f87f8a9.png,logos_downloaded\08782f87f8a9.png,90b717595ae6654c
0896dad6bf3b.ico,logos_downloaded\0896dad6bf3b.ico,91a7797364c346cc
09cca9c4d7d5.png,logos_downloaded\09cca9c4d7d5.png,c1b16e4e313bd4e4
09f1f8c48974.ico,logos_downloaded\09f1f8c48974.ico,d505050a56ff0b5f
0b3d41042aa7.png,logos_downloaded\0b3d41042aa7.png,c1b16e4e313bd4e4
0bcd9eae0d38.png,logos_downloaded\0bcd9eae0d38.png,c1b16e4e313bd4e4
0cb2c6fa0348.png,logos_downloaded\0cb2c6fa0348.png,90b717595ae6654c
0d36cc8dee13.png,logos_downloaded\0d36cc8dee13.png,999936666d496566
0d8e17e4780b.ico,logos_downloaded\0d8e17e4780b.ico,8c3972c68d39d366
0e0b674effb7.png,logos_downloaded\0e0b674effb7.png,ede4903b93dc2d42
0e1617909444.png,logos_downloaded\0e1617909444.png,a0a2020a8aa00a22
0ef774cfad3e.jpg,logos_downloaded\0ef774cfad3e.jpg,872bd93e2a4c9cb1
108a04a421df.png,logos_downloaded\108a04a421df.png,f5da5aca1ac94931
10f0869bbb35.jpg,logos_downloaded\10f0869bbb35.jpg,ba554a94a5b549f4
12c096290b19.ico,logos_downloaded\12c096290b19.ico,d3990c6673928e6d
12d44f166d74.ico,logos_downloaded\12d44f166d74.ico,c2107d4f3d3b326c
149ca09b5243.png,logos_downloaded\149ca09b5243.png,887617955ad67899
156a5c4cdbbb.jpg,logos_downloaded\156a5c4cdbbb.jpg,8d887a97b96b9660
15a02158ae6d.png,logos_downloaded\15a02158ae6d.png,95ca2f643b338c36
1659ef7bb047.webp,logos_downloaded\1659ef7bb047.webp,92f04d1f3ae06ccb
16b934c054ef.jpg,logos_downloaded\16b934c054ef.jpg,93970787e1789ccc
184854d31a27.png,logos_downloaded\184854d31a27.png,90b717595ae6654c
1848bd2a32e2.png,logos_downloaded\1848bd2a32e2.png,aabcc7f4be291442
185d14091a5e.webp,logos_downloaded\185d14091a5e.webp,e8c3567ba3cc819c
18b641a690bc.ico,logos_downloaded\18b641a690bc.ico,c5cc3b73321c6cc6
18b7ca4cabf8.ico,logos_downloaded\18b7ca4cabf8.ico,f572025d5fa2784c
19d931855be8.webp,logos_downloaded\19d931855be8.webp,ccb3445936ac7b52
1a6e6dd61bb3.png,logos_downloaded\1a6e6dd61bb3.png,eeee3e9181c1c1c5
1b6c32f2c7cc.png,logos_downloaded\1b6c32f2c7cc.png,887617955ad67899
1b71890bd049.webp,logos_downloaded\1b71890bd049.webp,a89357ec7a0916e5
1c887237eb3c.png,logos_downloaded\1c887237eb3c.png,9a65649a646565db
1d33cc985cb2.webp,logos_downloaded\1d33cc985cb2.webp,d4d52a61cde328d3
1d5af9058d36.png,logos_downloaded\1d5af9058d36.png,bc61c39e969c3163
1f94eaec20e5.ico,logos_downloaded\1f94eaec20e5.ico,91a7797364c346cc
1fa209b98db4.png,logos_downloaded\1fa209b98db4.png,b132cecf6cc93232
226f7af25b7d.png,logos_downloaded\226f7af25b7d.png,859050857aff6ab5
22e6e38e70dc.png,logos_downloaded\22e6e38e70dc.png,90b717595ae6654c
232b11c3cf2b.ico,logos_downloaded\232b11c3cf2b.ico,99694e3cb47843e5
237baf155668.png,logos_downloaded\237baf155668.png,90b717595ae6654c
23bd87354788.ico,logos_downloaded\23bd87354788.ico,d3990c6673928e6d
2525feb56c19.png,logos_downloaded\2525feb56c19.png,8c3933c6cc39b3c6
26f5caaf961a.ico,logos_downloaded\26f5caaf961a.ico,91a7797364c346cc
2742fdad030c.ico,logos_downloaded\2742fdad030c.ico,d3990c6673928e6d
27739e209e00.ico,logos_downloaded\27739e209e00.ico,ab0af422d91bf433
27aca621daba.png,logos_downloaded\27aca621daba.png,eae5d602d8d826dc
283255083ff5.ico,logos_downloaded\283255083ff5.ico,e994923889ca36fe
28ce1debb961.png,logos_downloaded\28ce1debb961.png,d4580b2b2ad176f6
28f4984d63db.png,logos_downloaded\28f4984d63db.png,c3932cacd243bdb4
295122d65128.png,logos_downloaded\295122d65128.png,cccc333337cdcc30
295c97c6750c.png,logos_downloaded\295c97c6750c.png,8c4c621bf97399c6
29a115f9fe6b.png,logos_downloaded\29a115f9fe6b.png,c0191be6a4637d3b
2a8604dce674.png,logos_downloaded\2a8604dce674.png,f11f60af60eb7490
2a91bcf6cb03.ico,logos_downloaded\2a91bcf6cb03.ico,91a7797364c346cc
2aee1f3db4c8.jpg,logos_downloaded\2aee1f3db4c8.jpg,b9c3c6383bc3c43c
2ba6350f866a.jpg,logos_downloaded\2ba6350f866a.jpg,f3d9f95c831a013a
2c801ab6c5ae.png,logos_downloaded\2c801ab6c5ae.png,87f08cef3b31644a
2cc70e273db1.png,logos_downloaded\2cc70e273db1.png,c3992c9930ee33e6
2cd87eea3215.png,logos_downloaded\2cd87eea3215.png,bab7c5483ab78548
2d4677bd9a9e.ico,logos_downloaded\2d4677bd9a9e.ico,95c94a2b2eb76874
2d7b4b5d688b.png,logos_downloaded\2d7b4b5d688b.png,c1b16e4e313bd4e4
2ed4647a8f07.ico,logos_downloaded\2ed4647a8f07.ico,b04ac1b48b09df7d
2f0850b2e3eb.png,logos_downloaded\2f0850b2e3eb.png,90b717595ae6654c
312febf0eb9a.jpg,logos_downloaded\312febf0eb9a.jpg,b968c3718c867c9e
3194bebc910f.ico,logos_downloaded\3194bebc910f.ico,be34c94c93d9e622
31c5d1aa846f.ico,logos_downloaded\31c5d1aa846f.ico,94ab4b282ec17bd6
32214bce7241.png,logos_downloaded\32214bce7241.png,c1b16e4e313bd4e4
322e2703d208.webp,logos_downloaded\322e2703d208.webp,a5e18a9ecb94e0ec
32456e196cfa.png,logos_downloaded\32456e196cfa.png,d45a2ba57fa47884
332bd944e04d.jpg,logos_downloaded\332bd944e04d.jpg,8ff0a85a95cab8d8
368a8b34642b.png,logos_downloaded\368a8b34642b.png,d2693d966b14791a
3727e865a760.jpg,logos_downloaded\3727e865a760.jpg,b9874e9876889b39
37f6480a810b.png,logos_downloaded\37f6480a810b.png,eac1ad4f903a9665
3859bad6dd48.ico,logos_downloaded\3859bad6dd48.ico,d57b2b84947b6a84
389d401b8392.png,logos_downloaded\389d401b8392.png,ee3c91c30e3c3996
397363073ba9.png,logos_downloaded\397363073ba9.png,c1b16e4e313bd4e4
3acffbe8b5e4.png,logos_downloaded\3acffbe8b5e4.png,90b717595ae6654c
3b303dc41c87.ico,logos_downloaded\3b303dc41c87.ico,8080808080808000
3b896ceb006d.png,logos_downloaded\3b896ceb006d.png,90b717595ae6654c
3d9fd7fbb22b.png,logos_downloaded\3d9fd7fbb22b.png,90b717595ae6654c
3ebc7c178efe.webp,logos_downloaded\3ebc7c178efe.webp,e6e699992366648e
3ece49bcc343.png,logos_downloaded\3ece49bcc343.png,f5951c71d19c26d1
3ed5ac98ceb4.png,logos_downloaded\3ed5ac98ceb4.png,f5da5aca1ac94931
3f50ce900962.png,logos_downloaded\3f50ce900962.png,8000000000000000
4007f6ff2c4f.jpg,logos_downloaded\4007f6ff2c4f.jpg,875fa701d9b6508d
419b183c41bb.ico,logos_downloaded\419b183c41bb.ico,c01fb495691f3ee0
41a4d8c1f585.jpg,logos_downloaded\41a4d8c1f585.jpg,b158678ec34439fa
41e6c51cd3ec.jpg,logos_downloaded\41e6c51cd3ec.jpg,e6c6991966e6cc19
421750e2ac2c.webp,logos_downloaded\421750e2ac2c.webp,bdc7ee329066c11c
4252c2540457.jpg,logos_downloaded\4252c2540457.jpg,ba72c185ad1cc9e3
425512fecd27.ico,logos_downloaded\425512fecd27.ico,91a7797364c346cc
440c582a5f86.png,logos_downloaded\440c582a5f86.png,887617955ad67899
444b3fe92184.png,logos_downloaded\444b3fe92184.png,b0b3cf6c30933176
447388827a58.ico,logos_downloaded\447388827a58.ico,bccec3303ccfc330
455efa691744.ico,logos_downloaded\455efa691744.ico,d3990c6673928e6d
4736d8ac07bc.png,logos_downloaded\4736d8ac07bc.png,9010366e6eef6dc1
473aa0ba3064.jpg,logos_downloaded\473aa0ba3064.jpg,ba72c185ad1cc9e3
478bf2216061.png,logos_downloaded\478bf2216061.png,90b717595ae6654c
4793b2c3b4c8.jpg,logos_downloaded\4793b2c3b4c8.jpg,bf87c0374d3033cc
48a2d6753110.ico,logos_downloaded\48a2d6753110.ico,95ad2b56755644d2
491809659c14.ico,logos_downloaded\491809659c14.ico,bccec3303ccfc330
4a4edd200560.jpg,logos_downloaded\4a4edd200560.jpg,b9c3c63c39c3863c
4abe3b956c64.png,logos_downloaded\4abe3b956c64.png,90b717595ae6654c
4b7dbedc0f74.jpg,logos_downloaded\4b7dbedc0f74.jpg,92436d3c349ab3cb
4d9c2d49d252.png,logos_downloaded\4d9c2d49d252.png,956e6a91956e6a91
4dc81a5756f0.png,logos_downloaded\4dc81a5756f0.png,81b16e4c2b3bf4e4
4e0be53adadc.png,logos_downloaded\4e0be53adadc.png,c0e5c53e96cd9a92
4e85b8ddbb83.png,logos_downloaded\4e85b8ddbb83.png,b132cecf6cc93232
4eed83299aff.png,logos_downloaded\4eed83299aff.png,95e04ac04a7cef8f
4efd589abea3.png,logos_downloaded\4efd589abea3.png,b132cecf6cc93232
4f90e5b34cd6.ico,logos_downloaded\4f90e5b34cd6.ico,f225022d1ab5faf2
4ffe7647fa95.jpg,logos_downloaded\4ffe7647fa95.jpg,eeb555584b6828cb
50880d4dbb70.png,logos_downloaded\50880d4dbb70.png,c1b16e4e313bd4e4
518096d51172.ico,logos_downloaded\518096d51172.ico,914e4e4ecd999999
51bead1bf756.png,logos_downloaded\51bead1bf756.png,92350fd06ccfb23c
53cc725e1bdf.ico,logos_downloaded\53cc725e1bdf.ico,91a7797364c346cc
543b05058534.png,logos_downloaded\543b05058534.png,b3c46639c51ad993
5536187cffe5.jpg,logos_downloaded\5536187cffe5.jpg,fac885367ad9c1e0
56218513d0d4.jpg,logos_downloaded\56218513d0d4.jpg,afc1d01e672d3ac2
571fdb759116.png,logos_downloaded\571fdb759116.png,9f834ee8f740c8f0
59c7727d7e97.png,logos_downloaded\59c7727d7e97.png,844679f93366ec1c
5ab6fca62a51.jpg,logos_downloaded\5ab6fca62a51.jpg,c5b29ccd1092abcf
5b1f1533c039.png,logos_downloaded\5b1f1533c039.png,9a61659a9a750f8e
5b8fbc23335d.png,logos_downloaded\5b8fbc23335d.png,e5269a9965669a99
5bdb79e26378.png,logos_downloaded\5bdb79e26378.png,90b717595ae6654c
5bff4a088ab6.jpg,logos_downloaded\5bff4a088ab6.jpg,b3b958d619844fc6
5c1ca23ed7f8.jpg,logos_downloaded\5c1ca23ed7f8.jpg,f34f4c3183ac50d7
5c55cf7adc2b.png,logos_downloaded\5c55cf7adc2b.png,c1b16e4e313bd4e4
5ecbc33f7fe4.png,logos_downloaded\5ecbc33f7fe4.png,e59a9261db266c9c
5f82f14ca868.png,logos_downloaded\5f82f14ca868.png,c3932cacd243bdb4
6016bb7b6df6.png,logos_downloaded\6016bb7b6df6.png,d8074bfe26718687
601cf7e5c7d8.jpg,logos_downloaded\601cf7e5c7d8.jpg,e2aebe41c19e9b24
6095d0c00aa4.png,logos_downloaded\6095d0c00aa4.png,c1b16e4e313bd4e4
61280ef2c38a.jpg,logos_downloaded\61280ef2c38a.jpg,87383b598c9ee338
61efc900d6d8.ico,logos_downloaded\61efc900d6d8.ico,82637dbc8043df66
622e7b6dc5cd.png,logos_downloaded\622e7b6dc5cd.png,887617955ad67899
627973622e44.png,logos_downloaded\627973622e44.png,ff8a0083829f8ed7
642dad541f31.png,logos_downloaded\642dad541f31.png,90b717595ae6654c
64f8e8b34386.ico,logos_downloaded\64f8e8b34386.ico,af352f6be0ca408d
66b48a0a0a8c.jpg,logos_downloaded\66b48a0a0a8c.jpg,84ed3a933b5271e4
67c273fd43a5.png,logos_downloaded\67c273fd43a5.png,ee3c91c30e3c3996
67e84d6e2000.png,logos_downloaded\67e84d6e2000.png,bf37e2e8e18111b2
6a21c85d0226.ico,logos_downloaded\6a21c85d0226.ico,d03a2fc5f23a85c5
6ab450572c10.ico,logos_downloaded\6ab450572c10.ico,ccb33d4b324c5bc8
6abcb3a21312.png,logos_downloaded\6abcb3a21312.png,c1497eb685497bb0
6b85c1e0a099.png,logos_downloaded\6b85c1e0a099.png,c562189cef63699c
6d7c8238b4df.webp,logos_downloaded\6d7c8238b4df.webp,859dd8693392dab4
6dcc03aea887.png,logos_downloaded\6dcc03aea887.png,da25022d1bb5f8f2
706ec820f2b8.ico,logos_downloaded\706ec820f2b8.ico,94b5694b36bc274a
722708e50267.jpg,logos_downloaded\722708e50267.jpg,cb92a46d338bc8b6
722a04ede86b.png,logos_downloaded\722a04ede86b.png,90b717595ae6654c
72355c7dfcad.png,logos_downloaded\72355c7dfcad.png,c66639998e67658c
7247f2c90e19.png,logos_downloaded\7247f2c90e19.png,c6392cc22bfc82cf
738aad11098a.jpg,logos_downloaded\738aad11098a.jpg,b9c3c63c39c3863c
73af0745b534.ico,logos_downloaded\73af0745b534.ico,8c3933c6cc39b3c6
73b4c4634312.png,logos_downloaded\73b4c4634312.png,81b16e4c2b3bf4e4
73f52fb60419.png,logos_downloaded\73f52fb60419.png,90b717595ae6654c
74629fe2331d.png,logos_downloaded\74629fe2331d.png,90b717595ae6654c
7469e9f18b0f.png,logos_downloaded\7469e9f18b0f.png,94708b8bf5943a6b
74f3c5a95308.png,logos_downloaded\74f3c5a95308.png,fcec9d8392d382c8
7563d51d1fd8.webp,logos_downloaded\7563d51d1fd8.webp,95705a34879e617e
7566df4f68e1.png,logos_downloaded\7566df4f68e1.png,857456885c8fe727
773851c8c031.png,logos_downloaded\773851c8c031.png,90b717595ae6654c
77a752441dcb.jpg,logos_downloaded\77a752441dcb.jpg,cb50f2a6a4dadca1
77cb53821b3e.ico,logos_downloaded\77cb53821b3e.ico,bc36c3c9c326cd89
78472e6bf20e.ico,logos_downloaded\78472e6bf20e.ico,de87c932849de2b2
789447401dce.jpg,logos_downloaded\789447401dce.jpg,850512edcc56737b
7b5775f358d3.png,logos_downloaded\7b5775f358d3.png,d4851d316ff8b1a1
7c7ffbe5a4f2.png,logos_downloaded\7c7ffbe5a4f2.png,eccf933064c94c6d
7c9a962ed6e0.png,logos_downloaded\7c9a962ed6e0.png,c1b16e4e313bd4e4
7da8cf863fe3.png,logos_downloaded\7da8cf863fe3.png,0000000000000000
7f70c84ad170.webp,logos_downloaded\7f70c84ad170.webp,a1dd43c64d84f49e
7f95db4a25c0.png,logos_downloaded\7f95db4a25c0.png,ff8a0083829f8ed7
816db541cb8f.png,logos_downloaded\816db541cb8f.png,c1b16e4e313bd4e4
8247daaf0cb9.png,logos_downloaded\8247daaf0cb9.png,ca89bd6ab0656497
83c503fece1e.png,logos_downloaded\83c503fece1e.png,fb9c8562da8f2194
84eb805d5288.jpg,logos_downloaded\84eb805d5288.jpg,e06a9cc5c7afaa30
85909619483d.webp,logos_downloaded\85909619483d.webp,94b42fe92b1e3946
85a0af751c08.jpg,logos_downloaded\85a0af751c08.jpg,bbc8c632d03d398e
85e4c2834df3.png,logos_downloaded\85e4c2834df3.png,cb9f756838a43193
863e6465bbcf.jpg,logos_downloaded\863e6465bbcf.jpg,e06a9cc5c7afaa30
86c0cad0c36b.png,logos_downloaded\86c0cad0c36b.png,c1b16e4e313bd4e4
87419c5de5ef.jpg,logos_downloaded\87419c5de5ef.jpg,c4ad8daa8e32b6d2
874f7c34afe9.png,logos_downloaded\874f7c34afe9.png,e6383838383839ff
8769bb8d403f.png,logos_downloaded\8769bb8d403f.png,90b717595ae6654c
88e471e1a2b2.ico,logos_downloaded\88e471e1a2b2.ico,c34bcb6c95368e58
8a1352149159.png,logos_downloaded\8a1352149159.png,c1b16e4e313bd4e4
8aa0632e46d7.png,logos_downloaded\8aa0632e46d7.png,c0c633311d1f3fcc
8b0cc338e1da.png,logos_downloaded\8b0cc338e1da.png,fe7a81817e7e8181
8b25cd67db43.jpg,logos_downloaded\8b25cd67db43.jpg,c9cf66c0993374a6
8bada13281f0.png,logos_downloaded\8bada13281f0.png,90b717595ae6654c
8bb1bbff5803.ico,logos_downloaded\8bb1bbff5803.ico,c39e676938646473
8d8c39ebdd00.png,logos_downloaded\8d8c39ebdd00.png,8a00200082008800
8e286c2b3c13.png,logos_downloaded\8e286c2b3c13.png,b1d68d70926dcc33
8e455de66fda.png,logos_downloaded\8e455de66fda.png,9db4684ae2bd8f12
8e572a6a0919.ico,logos_downloaded\8e572a6a0919.ico,95952d7a466d4b0e
90000514ad18.jpg,logos_downloaded\90000514ad18.jpg,91de4e868771d06e
901a0fb0a3c5.png,logos_downloaded\901a0fb0a3c5.png,bc83c33ccc6196ce
907ee00558f9.png,logos_downloaded\907ee00558f9.png,d3d978732636c942
90f2ec11a155.png,logos_downloaded\90f2ec11a155.png,887617955ad67899
911046d77211.png,logos_downloaded\911046d77211.png,9435ad944b5a6c6b
93d3c822b6a4.png,logos_downloaded\93d3c822b6a4.png,97b0326e9714eb98
942dfe234c3a.webp,logos_downloaded\942dfe234c3a.webp,86667899dfe68609
95ad5c7a89d1.png,logos_downloaded\95ad5c7a89d1.png,b3c46639c51ad993
963d4abdd751.png,logos_downloaded\963d4abdd751.png,b479cc38cec33465
96d1f791cb1e.png,logos_downloaded\96d1f791cb1e.png,887617955ad67899
96d33a117f0f.ico,logos_downloaded\96d33a117f0f.ico,d1052efad0052ffa
984d652d4c66.png,logos_downloaded\984d652d4c66.png,9e710a1f719429e7
98d0bb3b0a8b.jpg,logos_downloaded\98d0bb3b0a8b.jpg,94f18f7dc103548f
9900821492a3.png,logos_downloaded\9900821492a3.png,90b717595ae6654c
9949567380e8.png,logos_downloaded\9949567380e8.png,b6363626e6e4c919
994a1c0d4c23.jpg,logos_downloaded\994a1c0d4c23.jpg,9a09d8fa6aa18d1f
99a3f4c57a10.ico,logos_downloaded\99a3f4c57a10.ico,d5ba5ea168a56196
9a2eb090985d.jpg,logos_downloaded\9a2eb090985d.jpg,982cc3ce13d6c71d
9ac0df344129.ico,logos_downloaded\9ac0df344129.ico,afe3e0189285cb73
9cb47d2af5e7.png,logos_downloaded\9cb47d2af5e7.png,c1b16e4e313bd4e4
9d655cbb8901.png,logos_downloaded\9d655cbb8901.png,e5cb9ecc8e448ec4
9db8ac8b566e.png,logos_downloaded\9db8ac8b566e.png,ee3c91c30e3c3996
9f5b99f1ad6e.png,logos_downloaded\9f5b99f1ad6e.png,cdc9323286cfcb31
9feee311e582.jpg,logos_downloaded\9feee311e582.jpg,c55c1e836edcc338
a0e67aaca738.jpg,logos_downloaded\a0e67aaca738.jpg,b3f343018f93783c
a1d1189876e4.jpg,logos_downloaded\a1d1189876e4.jpg,95ab4cc4733bd0f0
a1d19ee37d51.png,logos_downloaded\a1d19ee37d51.png,ae4bf0b5874a988d
a1f318f17c4c.png,logos_downloaded\a1f318f17c4c.png,b3c46639c51ad993
a2059a9c5ff1.ico,logos_downloaded\a2059a9c5ff1.ico,86e1795e57956158
a2090c8dad10.png,logos_downloaded\a2090c8dad10.png,99ce6631ccce9931
a37b7183961e.png,logos_downloaded\a37b7183961e.png,c1b16e4e313bd4e4
a411b09c9940.jpg,logos_downloaded\a411b09c9940.jpg,e6934db38dcc3134
a67fac9240b3.ico,logos_downloaded\a67fac9240b3.ico,99694e3cb47843e5
a69b808f15d1.jpg,logos_downloaded\a69b808f15d1.jpg,f24bd4224b78b68d
a71433daf044.ico,logos_downloaded\a71433daf044.ico,ea57bfe0c442b18c
a796cda8e610.jpg,logos_downloaded\a796cda8e610.jpg,b2d2ed2c12d3ad2c
a99160fc99e6.ico,logos_downloaded\a99160fc99e6.ico,91a7797364c346cc
aaf2fb87663a.png,logos_downloaded\aaf2fb87663a.png,995a66ad995252ad
ab24d2b2aded.jpg,logos_downloaded\ab24d2b2aded.jpg,e06a9cc5c7afaa30
ab2787c64bf3.jpg,logos_downloaded\ab2787c64bf3.jpg,cb4ab4b34b4ab496
ab41127b4c53.jpg,logos_downloaded\ab41127b4c53.jpg,9f61d03f629985e4
ac37a4c52183.png,logos_downloaded\ac37a4c52183.png,bcc3d31e693186c3
add7b497c6ba.png,logos_downloaded\add7b497c6ba.png,c1b16e4e313bd4e4
ae67c715f6ab.jpg,logos_downloaded\ae67c715f6ab.jpg,d4eb119449f34a6e
af28f26a6047.png,logos_downloaded\af28f26a6047.png,90476fb8b147c09f
b01f187f0789.png,logos_downloaded\b01f187f0789.png,a52651d57af40aab
b12feba31f43.png,logos_downloaded\b12feba31f43.png,eec590384fc4783b
b15af5e43323.ico,logos_downloaded\b15af5e43323.ico,d3990c6673928e6d
b1b1089f3e15.png,logos_downloaded\b1b1089f3e15.png,af78908d99b3c48d
b1d946ea80a2.jpg,logos_downloaded\b1d946ea80a2.jpg,e2279dc862a79d58
b1df09c14001.ico,logos_downloaded\b1df09c14001.ico,8c3972c68d39d366
b2fa2ac8b33a.png,logos_downloaded\b2fa2ac8b33a.png,bab7c5483ab78548
b31dfeb3f4da.ico,logos_downloaded\b31dfeb3f4da.ico,966bd42d3ac42bd4
b34ecfd2d113.png,logos_downloaded\b34ecfd2d113.png,0000000000000000
b3f1c24ac604.ico,logos_downloaded\b3f1c24ac604.ico,eb8794706b8f9470
b48fe081f569.png,logos_downloaded\b48fe081f569.png,0000000000000000
b4dabf16491f.ico,logos_downloaded\b4dabf16491f.ico,bc36c3c9c326cd89
b4ecf8c2636f.jpg,logos_downloaded\b4ecf8c2636f.jpg,e64a86b199954f66
b65faf8a4a8d.ico,logos_downloaded\b65faf8a4a8d.ico,91a7797364c346cc
b82dc42b8fce.jpg,logos_downloaded\b82dc42b8fce.jpg,b33db649936c9544
b86f34a53930.png,logos_downloaded\b86f34a53930.png,da3aa5c47a3a0fc4
b910a73bae97.png,logos_downloaded\b910a73bae97.png,f19d8a749ce2c199
b9d0c92423fb.png,logos_downloaded\b9d0c92423fb.png,c1b16e4e313bd4e4
b9d901e66f38.png,logos_downloaded\b9d901e66f38.png,bd0bc0b4c3d23f23
ba10d76935a6.png,logos_downloaded\ba10d76935a6.png,887617955ad67899
bc3cdd4d8c68.png,logos_downloaded\bc3cdd4d8c68.png,8f609f99f4eca822
bc6891cc7d2b.png,logos_downloaded\bc6891cc7d2b.png,f19d8a749ce2c199
bca332d70dca.png,logos_downloaded\bca332d70dca.png,bb2ecac2d4d0b331
bcf2daae63dc.png,logos_downloaded\bcf2daae63dc.png,d0f10b1c7ccb317c
bd58c6bf3514.png,logos_downloaded\bd58c6bf3514.png,95ad3b66794460f4
bd5ed4016985.png,logos_downloaded\bd5ed4016985.png,c562189cef63699c
bd64fc27e096.png,logos_downloaded\bd64fc27e096.png,81b16e4c2b3bf4e4
bdd684114d51.ico,logos_downloaded\bdd684114d51.ico,8c3972c68d39d366
be37fefe43f0.jpg,logos_downloaded\be37fefe43f0.jpg,c09b3a7a0fc14e9e
bf8a300ab3de.jpg,logos_downloaded\bf8a300ab3de.jpg,cb50f2a6a4dadca1
bf9c39ff70a5.png,logos_downloaded\bf9c39ff70a5.png,90b717595ae6654c
bfabb721fd48.png,logos_downloaded\bfabb721fd48.png,84f2cdba8e6459c3
c01c2e4498d5.jpg,logos_downloaded\c01c2e4498d5.jpg,91db334b6cd2292d
c0305256135f.png,logos_downloaded\c0305256135f.png,c1b16e4e313bd4e4
c0574040b0ab.png,logos_downloaded\c0574040b0ab.png,e2ce79374e682313
c29880912c1d.png,logos_downloaded\c29880912c1d.png,9e93791967646646
c332793e6127.webp,logos_downloaded\c332793e6127.webp,ccb704483ba4ba7b
c407a994a23c.png,logos_downloaded\c407a994a23c.png,81b16e4c2b3bf4e4
c47b6e3635b2.jpg,logos_downloaded\c47b6e3635b2.jpg,b8ec9c31c8b58ea9
c48c9bd99a83.png,logos_downloaded\c48c9bd99a83.png,faf1830f9d0209f5
c599f34b8b13.jpg,logos_downloaded\c599f34b8b13.jpg,b3b1c388223bde36
c72f26df7dbc.jpg,logos_downloaded\c72f26df7dbc.jpg,cb92a46d338bc8b6
c76d5de9584d.ico,logos_downloaded\c76d5de9584d.ico,adb7924ac06b3b0d
c7d8e91ed7cf.png,logos_downloaded\c7d8e91ed7cf.png,0000000000000000
c9111c626d18.ico,logos_downloaded\c9111c626d18.ico,8c3972c68d39d366
c92cc8551a45.png,logos_downloaded\c92cc8551a45.png,887617955ad67899
c969972c3903.ico,logos_downloaded\c969972c3903.ico,b6e4799e46532515
c9acdaab0a1d.png,logos_downloaded\c9acdaab0a1d.png,92d4151b73e257ca
c9d37d549af7.png,logos_downloaded\c9d37d549af7.png,c1593eb465c7389c
c9e4912e0493.png,logos_downloaded\c9e4912e0493.png,fb9c8562da8f2194
ca5e012a8a68.png,logos_downloaded\ca5e012a8a68.png,9296456d456f1597
cac348e07b43.jpg,logos_downloaded\cac348e07b43.jpg,c0968bf4ba65852f
cb34306ef7eb.png,logos_downloaded\cb34306ef7eb.png,8000000000000000
cc42d162aeac.jpg,logos_downloaded\cc42d162aeac.jpg,cbc8ec57a8c73815
cc674432e9b8.jpg,logos_downloaded\cc674432e9b8.jpg,9be0583c6327783e
cc7831227f4c.ico,logos_downloaded\cc7831227f4c.ico,d3990c6673928e6d
ccefc7d2b8a8.png,logos_downloaded\ccefc7d2b8a8.png,fb90a48b9d7085ce
cd95f225cff5.png,logos_downloaded\cd95f225cff5.png,91634f926c6c64e7
ceb8b0c847fd.jpg,logos_downloaded\ceb8b0c847fd.jpg,b3f343018f93783c
cef6fe2ee2cb.png,logos_downloaded\cef6fe2ee2cb.png,ed9c9263cc61994d
cfa3ecc503e1.png,logos_downloaded\cfa3ecc503e1.png,8c3933c6cc39b3c6
d0a971f7563a.png,logos_downloaded\d0a971f7563a.png,861f6ec03b3334c7
d0b62d0d7b19.png,logos_downloaded\d0b62d0d7b19.png,eae5d602d8d826dc
d1a9446ff252.jpg,logos_downloaded\d1a9446ff252.jpg,ea40932beeb4a5b1
d39cd66e15db.png,logos_downloaded\d39cd66e15db.png,ae3245d951c4ba3e
d46998772330.png,logos_downloaded\d46998772330.png,f19d8a749ce2c199
d58e54e93b83.png,logos_downloaded\d58e54e93b83.png,cfcb309e34353465
d5ade1197d2f.png,logos_downloaded\d5ade1197d2f.png,d45643ad9e5269d4
d5d8cadf7943.png,logos_downloaded\d5d8cadf7943.png,8c3933c6cc39b3c6
d5fb8af45ca5.png,logos_downloaded\d5fb8af45ca5.png,e666cc993366cc34
d63c6b61c854.ico,logos_downloaded\d63c6b61c854.ico,9c2d415e1fc27d70
d646e74388cf.png,logos_downloaded\d646e74388cf.png,c1593eb465c7389c
d6d3696f5231.png,logos_downloaded\d6d3696f5231.png,cee1389ea584f0e9
d6f43d57fa25.jpg,logos_downloaded\d6f43d57fa25.jpg,cc1fe4d808e1963f
d72a20d5f870.png,logos_downloaded\d72a20d5f870.png,887617955ad67899
d7debbbdd195.jpg,logos_downloaded\d7debbbdd195.jpg,be8ce1d99463869c
d8fa0b9f02df.png,logos_downloaded\d8fa0b9f02df.png,82a02a8a282a8088
d940b9c95c08.png,logos_downloaded\d940b9c95c08.png,0000000000000000
da45ed1e4317.ico,logos_downloaded\da45ed1e4317.ico,ae0bd1e4c6939c8e
dc7e1a78d7b7.png,logos_downloaded\dc7e1a78d7b7.png,c07f90c57f906f18
ddeee9d4621a.jpg,logos_downloaded\ddeee9d4621a.jpg,fad0853fc017d44b
ddf98320d7f0.png,logos_downloaded\ddf98320d7f0.png,e4b2c36c9829be8b
de37b6d5f6ab.png,logos_downloaded\de37b6d5f6ab.png,90b717595ae6654c
deb5990a6cf8.png,logos_downloaded\deb5990a6cf8.png,c0f03f4ff0b00e6e
df1b3b9b64f0.png,logos_downloaded\df1b3b9b64f0.png,887617955ad67899
e0926a2e0e00.ico,logos_downloaded\e0926a2e0e00.ico,e63939393939191d
e21791a43b89.png,logos_downloaded\e21791a43b89.png,949c1e636b63699c
e22106a45eb4.png,logos_downloaded\e22106a45eb4.png,81b16e4c2b3bf4e4
e2806566ce76.png,logos_downloaded\e2806566ce76.png,90b717595ae6654c
e307d3c836c7.png,logos_downloaded\e307d3c836c7.png,92350fd06ccfb23c
e32063c0af73.png,logos_downloaded\e32063c0af73.png,e6cc993166669999
e399765ba00f.png,logos_downloaded\e399765ba00f.png,c1b16e4e313bd4e4
e46c761bb385.png,logos_downloaded\e46c761bb385.png,cc4c638a605f3b37
e587cf61cd93.png,logos_downloaded\e587cf61cd93.png,8000800080808080
e61e44b52c9e.png,logos_downloaded\e61e44b52c9e.png,90b717595ae6654c
e9916e23a246.jpg,logos_downloaded\e9916e23a246.jpg,f4cd0a320fbb4d31
e9c1077122c0.png,logos_downloaded\e9c1077122c0.png,c1b16e4e313bd4e4
ec2b97d6c4d5.ico,logos_downloaded\ec2b97d6c4d5.ico,d3990c6673928e6d
ec48c8ddebec.jpg,logos_downloaded\ec48c8ddebec.jpg,cb50f2a6a4dadca1
eca8912c7a06.webp,logos_downloaded\eca8912c7a06.webp,92d2696d643c93d3
ed41b069d808.jpg,logos_downloaded\ed41b069d808.jpg,8d96b2a9694e53b8
edcf34266055.ico,logos_downloaded\edcf34266055.ico,d5853de029f803f6
eed04760dd02.png,logos_downloaded\eed04760dd02.png,a52651d57af40aab
ef7b201f381d.png,logos_downloaded\ef7b201f381d.png,c03f3fc1c23a26cd
ef8b2109c223.png,logos_downloaded\ef8b2109c223.png,802a0aa028822082
f05099f1915e.png,logos_downloaded\f05099f1915e.png,c1b16e4e313bd4e4
f0bf40db09e3.ico,logos_downloaded\f0bf40db09e3.ico,bc36c3c9c326cd89
f1bc144e771a.ico,logos_downloaded\f1bc144e771a.ico,9497435d3e646b92
f2977b3796d8.png,logos_downloaded\f2977b3796d8.png,c1b16e4e313bd4e4
f2ab53fda1f6.jpg,logos_downloaded\f2ab53fda1f6.jpg,ba37c5883a3f87c0
f2d37cbe21c8.png,logos_downloaded\f2d37cbe21c8.png,887617955ad67899
f3885a3d41b9.png,logos_downloaded\f3885a3d41b9.png,c09e1f613edb2561
f4018c028d94.png,logos_downloaded\f4018c028d94.png,c3932cacd243bdb4
f49912837de3.png,logos_downloaded\f49912837de3.png,eb9694d89322466f
f4fbd5a842e2.png,logos_downloaded\f4fbd5a842e2.png,d5d797686890857c
f5ac5cd30de6.png,logos_downloaded\f5ac5cd30de6.png,eeee3e9181c1c1c5
f609ecb3af5c.jpg,logos_downloaded\f609ecb3af5c.jpg,874e78b15bce2493
f6789c0808fd.png,logos_downloaded\f6789c0808fd.png,90b717595ae6654c
f6ca11ae5238.png,logos_downloaded\f6ca11ae5238.png,950a4ae06b8f3f35
f949a3104b22.jpg,logos_downloaded\f949a3104b22.jpg,99657e9665878718
f97dc26a52ca.jpg,logos_downloaded\f97dc26a52ca.jpg,b9c3c63c39c3863c
f99b4887b015.png,logos_downloaded\f99b4887b015.png,c1b16e4e313bd4e4
fb5e5151a34a.png,logos_downloaded\fb5e5151a34a.png,aa00800080008000
fbea45fd6176.png,logos_downloaded\fbea45fd6176.png,ee3c91c30e3c3996
fc394b52946b.png,logos_downloaded\fc394b52946b.png,c1b16e4e313bd4e4
fc9c7125a851.ico,logos_downloaded\fc9c7125a851.ico,9e321bc9e631b94a
fcc214173a09.webp,logos_downloaded\fcc214173a09.webp,f0ad70520f538f8e
fd171c1161c6.jpg,logos_downloaded\fd171c1161c6.jpg,8a29c1c6767592d7
fd7b7254dffb.png,logos_downloaded\fd7b7254dffb.png,d5d62a1961624ddd
fe0ddad009db.ico,logos_downloaded\fe0ddad009db.ico,d3990c6673928e6d
ff3434d4981e.png,logos_downloaded\ff3434d4981e.png,fa9c85633a9cc163
